{"cameraMode":{"drawMode":0,"name":"Shaded","section":"Shading Mode"},"sceneLighting":true,"audioPlay":false,"sceneViewState":{"showFog":true,"showMaterialUpdate":false,"showSkybox":true,"showFlares":true,"showImageEffects":true,"showParticleSystems":true},"in2DMode":false,"pivot":{"x":10.852350234985352,"y":3.9853358268737795,"z":11.90716552734375},"rotation":{"x":-0.06781202554702759,"y":0.91532963514328,"z":-0.17395749688148499,"w":-0.3568127155303955},"size":3.5526175498962404,"orthographic":false}